date,speed_kmh,speed_limit,harsh_braking,phone_usage,location_lat,location_lon,location_name,violation_type,driver_profile
2025-09-10,79.0,120,0,0,24.72596,46.736742,طريق الدائري الشرقي,لا يوجد,safe
2025-09-11,105.9,120,0,0,24.752834,46.766387,طريق الملك عبدالله,لا يوجد,safe
2025-09-11,99.7,120,0,0,24.72962,46.629949,حي الربوة,تجاوز خاطئ,safe
2025-09-12,107.4,120,0,0,24.697489,46.687916,شارع العليا,لا يوجد,safe
2025-09-12,123.8,120,0,0,24.782319,46.741862,حي النخيل,عدم إعطاء الأولوية,risky
2025-09-12,94.4,120,0,0,24.721251,46.664448,حي الربوة,لا يوجد,safe
2025-09-12,157.4,120,0,0,24.733031,46.688208,طريق الملك فهد,لا يوجد,risky
2025-09-12,130.3,120,0,0,24.652512,46.706539,طريق خريص,لا يوجد,risky
2025-09-12,118.5,120,0,0,24.802309,46.680126,حي الياسمين,لا يوجد,risky
2025-09-12,88.0,120,0,0,24.798831,46.680567,حي النخيل,لا يوجد,safe
2025-09-12,144.5,120,0,0,24.772584,46.732188,حي النخيل,لا يوجد,risky
2025-09-13,130.5,120,0,0,24.664408,46.677504,طريق الملك خالد,لا يوجد,risky
2025-09-14,85.2,120,0,0,24.801864,46.719776,حي النخيل,لا يوجد,safe
2025-09-14,97.5,120,0,0,24.757643,46.662974,حي الربوة,لا يوجد,safe
2025-09-14,109.7,120,0,0,24.759934,46.717235,طريق الملك عبدالله,لا يوجد,safe
2025-09-14,121.7,120,0,0,24.697041,46.664969,طريق الملك خالد,تجاوز السرعة,safe
2025-09-14,119.2,120,0,0,24.747507,46.699318,حي النخيل,لا يوجد,safe
2025-09-14,118.0,120,0,1,24.764756,46.718111,طريق الدائري الشرقي,لا يوجد,risky
2025-09-15,105.0,120,0,0,24.700447,46.68958,شارع العليا,لا يوجد,safe
2025-09-15,103.2,120,0,0,24.728361,46.763929,حي النخيل,تجاوز خاطئ,safe
2025-09-16,111.3,120,0,0,24.671849,46.678465,طريق الملك خالد,لا يوجد,safe
2025-09-16,136.5,120,1,0,24.656872,46.674739,طريق خريص,لا يوجد,risky
2025-09-16,90.4,120,0,0,24.719383,46.724406,طريق الملك فهد,لا يوجد,safe
2025-09-16,103.7,120,0,0,24.629575,46.724167,طريق خريص,لا يوجد,safe
2025-09-16,83.5,120,0,0,24.740673,46.681124,حي الملقا,لا يوجد,safe
2025-09-16,106.7,120,0,0,24.717893,46.656082,شارع العليا,لا يوجد,safe
2025-09-16,101.7,120,0,0,24.769247,46.752066,حي النخيل,لا يوجد,safe
2025-09-16,84.6,120,0,0,24.708809,46.615175,شارع العليا,لا يوجد,safe
2025-09-17,83.8,120,0,0,24.755432,46.694465,طريق الملك عبدالله,لا يوجد,safe
2025-09-17,96.4,120,0,0,24.749088,46.724867,طريق الملك عبدالله,لا يوجد,safe
2025-09-17,106.5,120,0,0,24.792845,46.754551,طريق الملك عبدالله,لا يوجد,safe
2025-09-17,95.2,120,0,0,24.643027,46.703015,طريق خريص,لا يوجد,safe
2025-09-17,75.3,120,0,0,24.759419,46.647509,طريق الملك فهد,لا يوجد,safe
2025-09-17,103.4,120,0,0,24.814539,46.632007,حي الملقا,لا يوجد,safe
2025-09-17,108.9,120,0,0,24.734167,46.700481,شارع العليا,لا يوجد,safe
2025-09-18,160.8,120,0,0,24.767098,46.647228,حي الملقا,لا يوجد,risky
2025-09-18,98.5,120,1,0,24.75677,46.751637,طريق الدائري الشرقي,لا يوجد,safe
2025-09-19,120.6,120,1,0,24.727325,46.643046,طريق الملك فهد,تجاوز خاطئ,risky
2025-09-19,134.1,120,0,0,24.768956,46.652659,حي الملقا,لا يوجد,risky
2025-09-19,157.8,120,1,0,24.717928,46.753598,طريق الدائري الشرقي,استخدام الجوال أثناء القيادة,risky
2025-09-19,99.6,120,0,0,24.724057,46.663826,طريق الملك فهد,لا يوجد,safe
2025-09-20,118.9,120,0,1,24.767859,46.709295,حي النخيل,لا يوجد,risky
2025-09-20,125.5,120,1,0,24.748686,46.622662,حي الربوة,لا يوجد,risky
2025-09-20,93.7,120,1,0,24.805308,46.631693,حي الياسمين,عدم ربط حزام الأمان,safe
2025-09-20,97.2,120,0,0,24.794865,46.643417,حي الملقا,لا يوجد,safe
2025-09-20,89.5,120,0,0,24.781942,46.659373,حي الملقا,لا يوجد,safe
2025-09-20,127.1,120,0,0,24.716457,46.669502,حي الربوة,لا يوجد,risky
2025-09-21,89.7,120,0,0,24.653952,46.751505,طريق خريص,لا يوجد,safe
2025-09-21,105.7,120,0,0,24.753554,46.693293,طريق الملك عبدالله,لا يوجد,safe
2025-09-21,110.8,120,0,0,24.820733,46.683714,حي الياسمين,لا يوجد,safe
2025-09-21,116.1,120,0,0,24.724992,46.665123,طريق الملك خالد,لا يوجد,risky
2025-09-22,108.5,120,0,0,24.694815,46.742034,طريق الملك خالد,لا يوجد,safe
2025-09-22,116.8,120,0,0,24.776225,46.791578,حي النخيل,لا يوجد,safe
2025-09-22,113.9,120,1,0,24.8533,46.64713,حي الياسمين,لا يوجد,safe
2025-09-22,67.7,120,0,0,24.633061,46.690172,طريق خريص,لا يوجد,safe
2025-09-22,140.3,120,0,0,24.682447,46.661243,شارع العليا,لا يوجد,risky
2025-09-22,120.2,120,0,0,24.659429,46.74764,طريق خريص,لا يوجد,safe
2025-09-22,120.5,120,0,0,24.723962,46.699696,حي النخيل,لا يوجد,safe
2025-09-23,101.1,120,0,0,24.786607,46.712878,حي النخيل,لا يوجد,safe
2025-09-23,113.9,120,0,0,24.736523,46.624978,حي الربوة,لا يوجد,safe
2025-09-23,72.5,120,0,0,24.72428,46.723375,طريق الدائري الشرقي,لا يوجد,safe
2025-09-23,127.7,120,0,0,24.645381,46.723924,طريق خريص,لا يوجد,safe
2025-09-23,95.6,120,0,0,24.699232,46.693198,طريق الملك فهد,لا يوجد,safe
2025-09-23,102.7,120,0,0,24.763258,46.743469,طريق الملك عبدالله,لا يوجد,safe
2025-09-24,120.7,120,0,0,24.682072,46.704831,طريق الملك فهد,لا يوجد,safe
2025-09-24,122.8,120,0,0,24.741547,46.732774,طريق الدائري الشرقي,لا يوجد,safe
2025-09-24,93.5,120,0,0,24.641762,46.700248,طريق خريص,لا يوجد,safe
2025-09-24,145.2,120,0,0,24.645581,46.722283,طريق خريص,لا يوجد,risky
2025-09-24,79.3,120,0,0,24.715082,46.707872,طريق الملك فهد,لا يوجد,safe
2025-09-25,132.9,120,0,0,24.701963,46.661737,حي الربوة,لا يوجد,safe
2025-09-25,96.3,120,0,0,24.744168,46.709165,طريق الدائري الشرقي,استخدام الجوال أثناء القيادة,safe
2025-09-25,115.0,120,0,0,24.828327,46.66693,حي الياسمين,لا يوجد,safe
2025-09-26,130.6,120,1,0,24.716035,46.72123,طريق الملك خالد,عدم إعطاء الأولوية,risky
2025-09-26,102.8,120,0,0,24.760353,46.705485,طريق الملك عبدالله,لا يوجد,safe
2025-09-26,163.7,120,0,0,24.714489,46.700942,شارع العليا,استخدام الجوال أثناء القيادة,risky
2025-09-26,144.3,120,1,1,24.819649,46.655531,حي الياسمين,لا يوجد,risky
2025-09-26,111.0,120,0,0,24.842147,46.669819,حي الياسمين,لا يوجد,safe
2025-09-26,143.0,120,0,0,24.780294,46.624302,حي الملقا,لا يوجد,risky
2025-09-26,91.3,120,0,0,24.746315,46.667209,حي الربوة,لا يوجد,safe
2025-09-27,88.7,120,0,0,24.627073,46.716053,طريق خريص,لا يوجد,safe
2025-09-27,126.9,120,0,0,24.755381,46.729337,حي النخيل,لا يوجد,safe
2025-09-27,100.7,120,0,0,24.675569,46.713822,طريق خريص,لا يوجد,safe
2025-09-27,121.3,120,0,0,24.727252,46.77378,طريق الدائري الشرقي,لا يوجد,safe
2025-09-27,121.6,120,0,0,24.66418,46.708205,طريق خريص,لا يوجد,safe
2025-09-27,60.2,120,0,1,24.8049,46.69008,حي الياسمين,لا يوجد,safe
2025-09-27,128.9,120,1,0,24.734546,46.696062,طريق الدائري الشرقي,لا يوجد,risky
2025-09-27,105.4,120,0,0,24.68856,46.710071,طريق الملك خالد,لا يوجد,safe
2025-09-27,106.2,120,0,0,24.746196,46.762676,طريق الدائري الشرقي,لا يوجد,safe
2025-09-27,90.2,120,0,0,24.664063,46.697994,طريق الملك خالد,لا يوجد,safe
2025-09-27,104.5,120,0,0,24.767886,46.654842,حي الملقا,لا يوجد,safe
2025-09-28,67.7,120,0,0,24.78016,46.707933,حي النخيل,لا يوجد,safe
2025-09-28,100.0,120,0,0,24.754524,46.705107,حي النخيل,قطع الإشارة الحمراء,risky
2025-09-28,107.3,120,0,0,24.717419,46.73951,طريق الدائري الشرقي,لا يوجد,safe
2025-09-29,76.7,120,0,0,24.759925,46.740125,طريق الدائري الشرقي,لا يوجد,safe
2025-09-29,96.9,120,0,0,24.81562,46.647546,حي الياسمين,لا يوجد,safe
2025-09-29,152.0,120,0,0,24.745956,46.715646,طريق الملك عبدالله,لا يوجد,risky
2025-09-29,124.4,120,0,0,24.79636,46.639968,حي الياسمين,لا يوجد,risky
2025-09-29,141.5,120,1,0,24.842899,46.655019,حي الياسمين,لا يوجد,risky
2025-09-29,128.9,120,0,1,24.78838,46.6259,حي الملقا,استخدام الجوال أثناء القيادة,risky
2025-09-29,116.4,120,0,0,24.687484,46.691114,طريق الملك خالد,لا يوجد,safe
2025-09-30,99.5,120,0,1,24.736153,46.756031,طريق الدائري الشرقي,لا يوجد,safe
2025-09-30,129.2,120,0,0,24.796472,46.696019,حي الياسمين,لا يوجد,risky
2025-09-30,114.6,120,0,0,24.803816,46.666625,حي الياسمين,لا يوجد,safe
2025-09-30,149.5,120,0,0,24.678751,46.702648,طريق الملك خالد,لا يوجد,risky
2025-10-01,136.9,120,0,0,24.72947,46.651205,حي الربوة,لا يوجد,safe
2025-10-01,95.5,120,0,0,24.803258,46.647732,حي الياسمين,لا يوجد,safe
2025-10-01,126.8,120,1,0,24.776151,46.690591,حي الياسمين,استخدام الجوال أثناء القيادة,risky
2025-10-01,118.6,120,0,0,24.799428,46.671727,حي الياسمين,لا يوجد,safe
2025-10-01,129.7,120,0,0,24.737966,46.757046,طريق الملك عبدالله,تجاوز السرعة,risky
2025-10-02,81.8,120,0,0,24.65677,46.688678,طريق الملك خالد,لا يوجد,safe
2025-10-02,99.3,120,0,0,24.770646,46.64693,حي الملقا,لا يوجد,safe
2025-10-02,78.6,120,0,0,24.725484,46.651351,حي الربوة,لا يوجد,safe
2025-10-03,120.5,120,0,0,24.74105,46.654478,حي الربوة,لا يوجد,safe
2025-10-03,105.1,120,0,0,24.693684,46.678458,شارع العليا,لا يوجد,safe
2025-10-03,109.2,120,0,0,24.69076,46.692401,طريق الملك خالد,لا يوجد,safe
2025-10-04,86.7,120,0,0,24.765092,46.714925,حي النخيل,لا يوجد,safe
2025-10-04,117.9,120,0,0,24.780061,46.648739,حي الملقا,لا يوجد,safe
2025-10-04,144.7,120,0,0,24.744553,46.651039,حي الربوة,لا يوجد,risky
2025-10-04,86.1,120,0,0,24.658876,46.725493,طريق خريص,لا يوجد,safe
2025-10-05,153.0,120,1,1,24.801202,46.718079,طريق الملك عبدالله,لا يوجد,risky
2025-10-05,89.1,120,0,0,24.702436,46.658596,طريق الملك خالد,لا يوجد,safe
2025-10-06,85.2,120,0,0,24.696141,46.648033,حي الربوة,لا يوجد,safe
2025-10-06,60.7,120,0,0,24.779283,46.671293,حي الملقا,تجاوز السرعة,safe
2025-10-06,102.8,120,0,0,24.741164,46.678715,طريق الملك خالد,لا يوجد,safe
2025-10-06,90.0,120,0,0,24.739423,46.675814,شارع العليا,لا يوجد,safe
2025-10-07,69.4,120,0,0,24.674825,46.656335,شارع العليا,تجاوز السرعة,safe
2025-10-08,99.5,120,0,0,24.702127,46.664363,طريق الملك فهد,لا يوجد,safe
2025-10-08,130.3,120,0,0,24.861467,46.661184,حي الياسمين,لا يوجد,risky
2025-10-08,97.6,120,0,0,24.743146,46.703954,طريق الملك عبدالله,لا يوجد,safe
2025-10-08,92.2,120,0,0,24.817142,46.689558,حي الياسمين,لا يوجد,safe
2025-10-08,153.2,120,0,1,24.757607,46.614106,حي الملقا,عدم إعطاء الأولوية,risky
2025-10-08,98.4,120,0,0,24.720387,46.710655,شارع العليا,لا يوجد,safe
2025-10-08,112.8,120,0,0,24.731438,46.780015,طريق الدائري الشرقي,لا يوجد,safe
2025-10-08,117.4,120,0,0,24.778825,46.691283,طريق الملك عبدالله,لا يوجد,safe
2025-10-08,105.5,120,1,0,24.699914,46.693008,طريق الملك خالد,لا يوجد,safe
2025-10-09,95.9,120,0,0,24.76939,46.628484,حي الملقا,لا يوجد,safe
2025-10-09,117.8,120,0,1,24.745117,46.739282,طريق الملك عبدالله,لا يوجد,safe
2025-10-09,180.0,120,1,1,24.799071,46.724707,حي النخيل,لا يوجد,risky
2025-10-10,104.2,120,0,0,24.756463,46.751466,طريق الدائري الشرقي,قطع الإشارة الحمراء,risky
2025-10-10,81.9,120,0,0,24.721213,46.747118,طريق الدائري الشرقي,لا يوجد,safe
2025-10-10,180.0,120,0,1,24.700276,46.700301,طريق الملك خالد,لا يوجد,risky
2025-10-10,105.6,120,1,1,24.718846,46.766451,طريق الدائري الشرقي,لا يوجد,risky
2025-10-10,165.0,120,0,0,24.764444,46.617788,حي الملقا,لا يوجد,risky
2025-10-10,126.5,120,0,0,24.701134,46.662304,شارع العليا,لا يوجد,risky
2025-10-11,102.3,120,0,0,24.757706,46.702323,طريق الملك عبدالله,لا يوجد,safe
2025-10-11,153.7,120,0,0,24.831013,46.682111,حي الياسمين,لا يوجد,risky
2025-10-11,101.8,120,0,0,24.752504,46.711412,طريق الملك عبدالله,لا يوجد,safe
2025-10-11,97.9,120,0,0,24.675795,46.723464,طريق خريص,لا يوجد,safe
2025-10-11,80.1,120,0,0,24.814177,46.620807,حي الياسمين,لا يوجد,safe
2025-10-11,102.6,120,0,0,24.718081,46.717724,شارع العليا,لا يوجد,safe
2025-10-11,100.4,120,0,1,24.687687,46.683978,طريق الملك خالد,تجاوز السرعة,risky
2025-10-11,88.5,120,0,0,24.671627,46.669917,طريق الملك خالد,لا يوجد,safe
2025-10-11,111.8,120,0,0,24.681922,46.690508,طريق الملك فهد,لا يوجد,safe
2025-10-12,133.2,120,0,0,24.70706,46.699278,شارع العليا,لا يوجد,safe
2025-10-12,133.7,120,0,0,24.794653,46.677446,حي الياسمين,تجاوز السرعة,risky
2025-10-12,100.0,120,0,0,24.73183,46.704922,شارع العليا,تجاوز خاطئ,risky
2025-10-12,109.6,120,0,1,24.745194,46.731914,طريق الدائري الشرقي,لا يوجد,safe
2025-10-12,148.8,120,0,0,24.710566,46.680595,شارع العليا,لا يوجد,risky
2025-10-12,93.0,120,0,1,24.745184,46.690649,طريق الملك فهد,تجاوز خاطئ,safe
2025-10-14,92.5,120,0,0,24.646024,46.6988,طريق الملك خالد,لا يوجد,safe
2025-10-14,132.0,120,0,0,24.820018,46.640449,حي الياسمين,لا يوجد,risky
2025-10-14,99.4,120,0,0,24.776073,46.638568,حي الملقا,لا يوجد,safe
2025-10-14,107.9,120,0,1,24.832531,46.654622,حي الياسمين,لا يوجد,risky
2025-10-14,112.8,120,1,0,24.733729,46.636764,حي الربوة,لا يوجد,safe
2025-10-14,125.0,120,0,0,24.800027,46.723546,حي النخيل,لا يوجد,risky
2025-10-14,108.2,120,0,0,24.725028,46.646612,شارع العليا,لا يوجد,safe
2025-10-15,122.5,120,0,0,24.684612,46.704351,طريق الملك خالد,لا يوجد,safe
2025-10-15,108.4,120,0,0,24.766355,46.747804,طريق الملك عبدالله,لا يوجد,safe
2025-10-15,89.8,120,1,0,24.65501,46.716929,طريق خريص,لا يوجد,safe
2025-10-15,88.5,120,0,0,24.755521,46.640682,حي الملقا,لا يوجد,safe
2025-10-15,83.9,120,0,0,24.726113,46.658157,طريق الملك فهد,لا يوجد,safe
2025-10-15,108.1,120,0,0,24.686598,46.64396,شارع العليا,لا يوجد,safe
2025-10-15,107.9,120,0,0,24.640417,46.706287,طريق خريص,لا يوجد,risky
2025-10-16,116.1,120,0,0,24.701071,46.683882,شارع العليا,لا يوجد,safe
2025-10-16,99.0,120,0,0,24.757544,46.75131,طريق الملك عبدالله,لا يوجد,safe
2025-10-16,171.8,120,0,0,24.721903,46.663636,شارع العليا,لا يوجد,risky
2025-10-16,88.6,120,0,0,24.716748,46.661412,حي الربوة,لا يوجد,safe
2025-10-16,108.4,120,1,0,24.831779,46.661286,حي الياسمين,عدم ربط حزام الأمان,risky
2025-10-16,120.3,120,0,0,24.686076,46.696251,شارع العليا,لا يوجد,safe
2025-10-16,108.8,120,0,0,24.700958,46.746964,طريق الدائري الشرقي,لا يوجد,safe
2025-10-16,145.2,120,1,0,24.823028,46.653695,حي الياسمين,لا يوجد,risky
2025-10-17,106.7,120,1,0,24.722735,46.686695,طريق الملك فهد,لا يوجد,safe
2025-10-17,122.0,120,0,0,24.63184,46.681754,طريق خريص,عدم إعطاء الأولوية,safe
2025-10-17,97.6,120,1,0,24.769507,46.767153,طريق الدائري الشرقي,لا يوجد,safe
2025-10-17,98.3,120,0,0,24.796005,46.66428,حي الياسمين,لا يوجد,safe
2025-10-17,60.0,120,0,0,24.702588,46.695434,شارع العليا,لا يوجد,safe
2025-10-17,107.5,120,0,0,24.75454,46.73049,حي النخيل,لا يوجد,safe
2025-10-18,70.4,120,0,0,24.73973,46.651289,حي الربوة,لا يوجد,safe
2025-10-18,104.7,120,0,0,24.638754,46.689743,طريق خريص,لا يوجد,safe
2025-10-18,101.2,120,0,0,24.815341,46.677793,حي الياسمين,لا يوجد,safe
2025-10-18,82.7,120,0,0,24.729112,46.752218,طريق الدائري الشرقي,لا يوجد,safe
2025-10-18,120.8,120,0,0,24.719679,46.651922,حي الربوة,لا يوجد,risky
2025-10-18,66.8,120,0,0,24.735618,46.766588,طريق الدائري الشرقي,لا يوجد,safe
2025-10-19,96.4,120,0,0,24.775409,46.728995,حي النخيل,لا يوجد,safe
2025-10-19,125.3,120,0,0,24.757069,46.708369,حي النخيل,لا يوجد,safe
2025-10-19,138.5,120,0,0,24.703922,46.668893,طريق الملك فهد,تجاوز خاطئ,risky
2025-10-19,132.0,120,1,0,24.814482,46.660252,حي الياسمين,لا يوجد,risky
2025-10-19,85.3,120,0,0,24.794434,46.663917,حي الياسمين,لا يوجد,safe
2025-10-20,109.4,120,0,0,24.816146,46.676257,حي الياسمين,لا يوجد,safe
2025-10-20,87.7,120,0,0,24.782934,46.66413,حي الملقا,لا يوجد,safe
2025-10-20,113.1,120,0,0,24.706186,46.684349,شارع العليا,لا يوجد,safe
2025-10-20,92.2,120,0,0,24.799068,46.761591,حي النخيل,لا يوجد,safe
2025-10-20,98.9,120,0,0,24.766678,46.729184,طريق الملك عبدالله,لا يوجد,safe
2025-10-20,100.0,120,0,0,24.782443,46.770649,طريق الدائري الشرقي,لا يوجد,risky
2025-10-21,104.2,120,1,0,24.804955,46.62653,حي الملقا,لا يوجد,safe
2025-10-21,95.6,120,0,0,24.817514,46.647987,حي الياسمين,لا يوجد,safe
2025-10-21,165.3,120,0,0,24.740501,46.706933,طريق الملك عبدالله,عدم ربط حزام الأمان,risky
2025-10-21,125.7,120,0,1,24.710033,46.669686,حي الربوة,لا يوجد,risky
2025-10-21,87.3,120,0,0,24.734964,46.640813,حي الربوة,لا يوجد,safe
2025-10-21,109.4,120,0,0,24.729433,46.687782,طريق الملك فهد,لا يوجد,safe
2025-10-22,102.9,120,0,0,24.752854,46.776583,طريق الدائري الشرقي,لا يوجد,safe
2025-10-22,113.1,120,0,0,24.798718,46.634394,حي الياسمين,لا يوجد,safe
2025-10-22,132.1,120,1,0,24.679132,46.675743,طريق الملك خالد,عدم إعطاء الأولوية,risky
2025-10-22,129.0,120,0,0,24.748509,46.73066,طريق الدائري الشرقي,لا يوجد,risky
2025-10-22,79.3,120,0,0,24.806461,46.644034,حي الياسمين,لا يوجد,safe
2025-10-22,113.0,120,0,0,24.76514,46.701557,طريق الملك عبدالله,لا يوجد,safe
2025-10-22,100.0,120,0,1,24.738386,46.751573,طريق الدائري الشرقي,عدم إعطاء الأولوية,risky
2025-10-22,74.1,120,0,0,24.734839,46.611734,حي الربوة,لا يوجد,safe
2025-10-23,108.4,120,1,0,24.808188,46.702029,حي النخيل,لا يوجد,safe
2025-10-23,104.0,120,0,0,24.768382,46.714195,طريق الملك عبدالله,قطع الإشارة الحمراء,safe
2025-10-23,137.5,120,1,0,24.710425,46.641114,حي الربوة,لا يوجد,risky
2025-10-23,104.3,120,0,0,24.637744,46.702246,طريق خريص,لا يوجد,safe
2025-10-23,136.8,120,0,1,24.733356,46.685088,شارع العليا,لا يوجد,risky
2025-10-23,89.8,120,0,0,24.711384,46.752562,طريق الدائري الشرقي,لا يوجد,safe
2025-10-23,81.4,120,0,0,24.718798,46.690936,طريق الملك فهد,لا يوجد,safe
2025-10-23,113.7,120,0,0,24.76383,46.629965,حي الملقا,تجاوز خاطئ,safe
2025-10-24,110.6,120,0,0,24.737461,46.756249,طريق الملك عبدالله,لا يوجد,safe
2025-10-24,115.4,120,1,0,24.818165,46.625948,حي الياسمين,لا يوجد,safe
2025-10-24,86.0,120,0,0,24.746829,46.719454,طريق الملك عبدالله,لا يوجد,safe
2025-10-24,128.6,120,0,0,24.771133,46.740594,حي النخيل,عدم إعطاء الأولوية,risky
2025-10-25,131.4,120,0,1,24.715913,46.698886,طريق الملك فهد,لا يوجد,risky
2025-10-25,104.5,120,0,0,24.713591,46.760439,طريق الدائري الشرقي,لا يوجد,safe
2025-10-25,124.6,120,0,0,24.727221,46.723538,طريق الدائري الشرقي,استخدام الجوال أثناء القيادة,safe
2025-10-26,105.5,120,0,0,24.623911,46.723393,طريق خريص,لا يوجد,safe
2025-10-26,108.7,120,1,1,24.770207,46.703763,حي النخيل,استخدام الجوال أثناء القيادة,risky
2025-10-26,160.1,120,1,1,24.709928,46.656833,شارع العليا,لا يوجد,risky
2025-10-26,161.0,120,0,0,24.756646,46.70503,طريق الملك عبدالله,عدم إعطاء الأولوية,risky
2025-10-27,110.5,120,0,0,24.689048,46.687248,طريق الملك فهد,لا يوجد,safe
2025-10-27,101.5,120,0,0,24.730189,46.708674,طريق الملك عبدالله,لا يوجد,safe
2025-10-27,125.0,120,0,0,24.704098,46.643284,حي الربوة,لا يوجد,safe
2025-10-28,125.1,120,0,0,24.644808,46.679937,طريق خريص,تجاوز خاطئ,risky
2025-10-28,78.0,120,0,0,24.763447,46.722158,حي النخيل,لا يوجد,safe
2025-10-28,100.1,120,0,0,24.745922,46.755221,طريق الدائري الشرقي,لا يوجد,safe
2025-10-28,120.3,120,1,0,24.787984,46.652944,حي الملقا,قطع الإشارة الحمراء,risky
2025-10-29,106.5,120,0,0,24.751535,46.687639,شارع العليا,لا يوجد,safe
2025-10-29,108.4,120,1,0,24.802781,46.683187,حي الياسمين,لا يوجد,risky
2025-10-29,136.2,120,1,0,24.795631,46.655731,حي الياسمين,لا يوجد,risky
2025-10-29,118.3,120,0,0,24.791999,46.670615,حي الملقا,لا يوجد,safe
2025-10-29,96.7,120,0,0,24.781835,46.600249,حي الملقا,لا يوجد,safe
2025-10-30,91.6,120,0,0,24.793901,46.699536,حي النخيل,لا يوجد,safe
2025-10-30,116.4,120,1,0,24.794932,46.669199,حي الياسمين,استخدام الجوال أثناء القيادة,risky
2025-10-30,105.1,120,0,0,24.808357,46.682346,حي الياسمين,لا يوجد,safe
2025-10-30,97.9,120,0,0,24.652075,46.721767,شارع العليا,لا يوجد,safe
2025-10-30,107.4,120,0,0,24.657648,46.713329,طريق خريص,لا يوجد,safe
2025-10-30,105.1,120,0,0,24.698417,46.678308,طريق الملك فهد,لا يوجد,safe
2025-10-30,97.8,120,0,0,24.649517,46.713962,طريق خريص,لا يوجد,safe
2025-10-30,100.7,120,0,0,24.693902,46.617449,حي الربوة,قطع الإشارة الحمراء,safe
2025-10-31,130.5,120,0,0,24.667547,46.705581,طريق خريص,عدم إعطاء الأولوية,risky
2025-10-31,99.1,120,0,0,24.813006,46.652728,حي الياسمين,استخدام الجوال أثناء القيادة,safe
2025-10-31,107.1,120,0,0,24.702185,46.658653,طريق الملك فهد,لا يوجد,safe
2025-10-31,118.2,120,1,0,24.736987,46.710257,طريق الملك عبدالله,لا يوجد,risky
2025-11-01,125.5,120,0,0,24.730425,46.656177,حي الربوة,لا يوجد,safe
2025-11-01,89.3,120,0,0,24.814645,46.665861,حي الياسمين,لا يوجد,safe
2025-11-02,75.0,120,0,0,24.749544,46.724852,حي النخيل,لا يوجد,safe
2025-11-02,132.0,120,0,0,24.80172,46.705244,حي النخيل,لا يوجد,safe
2025-11-02,96.4,120,0,0,24.665557,46.70426,طريق الملك خالد,تجاوز السرعة,safe
2025-11-02,134.0,120,1,0,24.788068,46.748848,طريق الدائري الشرقي,لا يوجد,risky
2025-11-02,73.6,120,0,0,24.798652,46.611633,حي الملقا,لا يوجد,safe
2025-11-02,78.8,120,1,0,24.631587,46.713387,طريق خريص,لا يوجد,safe
2025-11-02,90.2,120,0,0,24.844719,46.663958,حي الياسمين,لا يوجد,safe
2025-11-02,98.7,120,0,0,24.649346,46.668651,طريق خريص,لا يوجد,safe
2025-11-03,104.6,120,0,1,24.745575,46.714464,طريق الملك عبدالله,لا يوجد,safe
2025-11-03,78.9,120,0,0,24.743146,46.712571,طريق الملك عبدالله,لا يوجد,safe
2025-11-03,115.9,120,0,0,24.695603,46.670787,شارع العليا,لا يوجد,safe
2025-11-03,105.7,120,0,0,24.734785,46.745067,حي النخيل,لا يوجد,safe
2025-11-04,114.7,120,0,0,24.749452,46.755121,طريق الدائري الشرقي,لا يوجد,safe
2025-11-04,100.7,120,0,0,24.736294,46.747404,طريق الدائري الشرقي,لا يوجد,safe
2025-11-04,90.2,120,0,1,24.774329,46.730911,حي النخيل,لا يوجد,safe
2025-11-04,125.3,120,0,1,24.760461,46.645317,حي الربوة,قطع الإشارة الحمراء,risky
2025-11-04,101.6,120,0,0,24.721001,46.660633,شارع العليا,لا يوجد,safe
2025-11-05,85.4,120,0,0,24.731535,46.692966,طريق الملك عبدالله,لا يوجد,safe
2025-11-05,126.6,120,0,0,24.735936,46.7193,طريق الملك عبدالله,عدم إعطاء الأولوية,safe
2025-11-05,108.7,120,0,0,24.653667,46.709694,طريق خريص,لا يوجد,safe
2025-11-06,99.6,120,0,1,24.751718,46.659494,حي الربوة,لا يوجد,safe
2025-11-06,94.5,120,0,0,24.790268,46.722731,طريق الملك عبدالله,لا يوجد,safe
2025-11-06,102.8,120,0,0,24.736143,46.64785,شارع العليا,لا يوجد,safe
2025-11-06,132.4,120,0,0,24.724006,46.668487,شارع العليا,استخدام الجوال أثناء القيادة,risky
2025-11-06,124.8,120,1,0,24.790606,46.734776,حي النخيل,لا يوجد,risky
2025-11-06,129.6,120,1,0,24.77814,46.668809,حي الياسمين,لا يوجد,risky
2025-11-07,109.8,120,0,0,24.766547,46.747673,حي النخيل,لا يوجد,safe
2025-11-07,98.7,120,0,1,24.73885,46.692604,طريق الملك عبدالله,لا يوجد,safe
2025-11-07,96.3,120,0,0,24.791215,46.755107,طريق الملك عبدالله,لا يوجد,safe
2025-11-07,111.6,120,0,0,24.668754,46.699472,طريق الملك خالد,عدم ربط حزام الأمان,risky
2025-11-07,158.2,120,0,1,24.77131,46.709654,طريق الملك عبدالله,لا يوجد,risky
2025-11-07,160.6,120,0,0,24.71474,46.680672,طريق الملك فهد,قطع الإشارة الحمراء,risky
2025-11-07,85.2,120,0,0,24.712346,46.694403,طريق الملك فهد,لا يوجد,safe
2025-11-07,165.1,120,0,1,24.72572,46.649691,طريق الملك فهد,لا يوجد,risky
2025-11-08,77.8,120,1,0,24.814712,46.675417,حي الياسمين,لا يوجد,safe
2025-11-08,108.0,120,0,0,24.706501,46.664885,شارع العليا,لا يوجد,safe
2025-11-08,109.2,120,0,0,24.642298,46.696462,طريق خريص,استخدام الجوال أثناء القيادة,safe
2025-11-08,128.7,120,0,0,24.728932,46.707525,طريق الملك عبدالله,لا يوجد,safe
2025-11-08,87.4,120,0,0,24.793796,46.703834,طريق الملك عبدالله,لا يوجد,safe
2025-11-08,93.3,120,0,0,24.755978,46.672743,شارع العليا,لا يوجد,safe
2025-11-09,100.0,120,0,0,24.755151,46.718511,طريق الملك عبدالله,عدم ربط حزام الأمان,risky
2025-11-09,138.0,120,1,0,24.738066,46.739102,طريق الدائري الشرقي,لا يوجد,risky
2025-11-09,101.0,120,0,0,24.713981,46.667996,شارع العليا,لا يوجد,safe
2025-11-09,101.6,120,1,0,24.755179,46.755624,طريق الدائري الشرقي,تجاوز خاطئ,safe
2025-11-10,122.2,120,0,0,24.727633,46.679841,شارع العليا,لا يوجد,safe
2025-11-10,87.3,120,0,0,24.819465,46.658543,حي الياسمين,لا يوجد,safe
2025-11-10,112.8,120,0,0,24.719703,46.71107,طريق الملك عبدالله,لا يوجد,safe
2025-11-10,125.9,120,1,0,24.802568,46.722417,حي النخيل,لا يوجد,risky
2025-11-10,97.7,120,1,0,24.804049,46.687514,حي الياسمين,لا يوجد,safe
2025-11-10,129.9,120,0,0,24.777772,46.77986,حي النخيل,عدم ربط حزام الأمان,risky
2025-11-10,78.3,120,0,0,24.698896,46.717623,شارع العليا,عدم إعطاء الأولوية,safe
2025-11-11,119.4,120,0,0,24.753768,46.700539,حي الربوة,لا يوجد,risky
2025-11-11,88.1,120,0,0,24.71962,46.684478,شارع العليا,لا يوجد,safe
2025-11-11,106.2,120,0,1,24.847315,46.669477,حي الياسمين,لا يوجد,risky
2025-11-11,101.5,120,1,0,24.656483,46.707397,طريق خريص,لا يوجد,safe
2025-11-11,133.0,120,0,0,24.645731,46.739815,طريق خريص,تجاوز خاطئ,risky
2025-11-11,101.0,120,0,0,24.73993,46.688987,طريق الملك عبدالله,لا يوجد,safe
2025-11-11,84.3,120,0,0,24.794008,46.716862,حي النخيل,لا يوجد,safe
2025-11-11,162.7,120,0,0,24.822775,46.63714,حي الياسمين,لا يوجد,risky
2025-11-12,87.6,120,0,0,24.734227,46.756454,طريق الدائري الشرقي,لا يوجد,safe
2025-11-12,110.8,120,0,0,24.748714,46.675431,حي الربوة,لا يوجد,safe
2025-11-12,100.0,120,0,0,24.665183,46.69847,طريق خريص,لا يوجد,risky
2025-11-12,106.9,120,0,0,24.740205,46.73037,طريق الدائري الشرقي,لا يوجد,safe
2025-11-13,123.9,120,0,0,24.758074,46.611199,حي الملقا,لا يوجد,safe
2025-11-13,89.0,120,0,0,24.635694,46.723592,طريق خريص,لا يوجد,safe
2025-11-14,130.2,120,0,0,24.786689,46.653171,حي الملقا,لا يوجد,safe
2025-11-14,115.8,120,0,0,24.703915,46.700638,طريق الملك فهد,لا يوجد,risky
2025-11-14,83.2,120,0,0,24.809011,46.673496,حي الياسمين,لا يوجد,safe
2025-11-14,85.4,120,0,0,24.743694,46.723057,طريق الدائري الشرقي,لا يوجد,safe
2025-11-15,163.4,120,0,0,24.71839,46.661772,حي الربوة,لا يوجد,risky
2025-11-15,119.8,120,0,0,24.830991,46.649295,حي الياسمين,لا يوجد,safe
2025-11-15,114.9,120,0,0,24.696434,46.676638,طريق الملك خالد,لا يوجد,safe
2025-11-15,112.8,120,0,1,24.789866,46.643697,حي الملقا,عدم إعطاء الأولوية,risky
2025-11-16,153.4,120,0,0,24.740145,46.671333,حي الربوة,قطع الإشارة الحمراء,risky
2025-11-16,108.2,120,1,0,24.835553,46.648169,حي الياسمين,لا يوجد,safe
2025-11-16,114.5,120,0,0,24.793172,46.713586,حي النخيل,لا يوجد,safe
2025-11-16,100.2,120,0,0,24.735534,46.666544,حي الربوة,لا يوجد,safe
2025-11-16,151.6,120,0,0,24.792212,46.651196,حي الملقا,لا يوجد,risky
2025-11-16,113.4,120,0,0,24.69272,46.68097,شارع العليا,لا يوجد,risky
2025-11-16,101.1,120,0,0,24.779755,46.622055,حي الملقا,لا يوجد,safe
2025-11-16,142.9,120,0,1,24.752803,46.654925,حي الملقا,عدم ربط حزام الأمان,risky
2025-11-16,147.1,120,1,0,24.724878,46.687195,طريق الملك فهد,تجاوز خاطئ,risky
2025-11-16,97.2,120,0,0,24.763896,46.71781,حي النخيل,لا يوجد,safe
2025-11-16,138.9,120,0,0,24.642504,46.724219,طريق خريص,لا يوجد,risky
2025-11-17,93.2,120,0,0,24.690105,46.69094,طريق الملك خالد,عدم إعطاء الأولوية,safe
2025-11-17,89.0,120,0,0,24.727775,46.631922,حي الربوة,لا يوجد,safe
2025-11-17,109.2,120,0,0,24.792164,46.709202,حي النخيل,لا يوجد,safe
2025-11-17,78.7,120,0,0,24.799921,46.624864,حي الملقا,لا يوجد,safe
2025-11-17,107.7,120,0,0,24.720175,46.664705,طريق الملك فهد,لا يوجد,safe
2025-11-17,95.3,120,0,0,24.78042,46.653639,حي الملقا,لا يوجد,safe
2025-11-18,92.9,120,0,0,24.694899,46.679861,طريق الملك خالد,عدم ربط حزام الأمان,safe
2025-11-18,103.3,120,0,0,24.813265,46.723844,حي النخيل,لا يوجد,safe
2025-11-18,108.2,120,0,0,24.709489,46.703455,شارع العليا,لا يوجد,safe
2025-11-18,136.6,120,0,0,24.694676,46.658882,طريق الملك خالد,استخدام الجوال أثناء القيادة,risky
2025-11-18,151.0,120,0,1,24.766302,46.719546,حي النخيل,استخدام الجوال أثناء القيادة,risky
2025-11-18,72.0,120,0,0,24.711637,46.726293,شارع العليا,لا يوجد,safe
2025-11-18,77.8,120,0,0,24.759075,46.737836,حي النخيل,لا يوجد,safe
2025-11-18,147.0,120,0,0,24.77014,46.628213,حي الملقا,لا يوجد,risky
2025-11-18,91.9,120,0,0,24.740369,46.756952,طريق الدائري الشرقي,لا يوجد,safe
2025-11-18,132.3,120,0,0,24.799023,46.749185,حي النخيل,لا يوجد,safe
2025-11-18,97.9,120,0,0,24.792457,46.618648,حي الملقا,لا يوجد,safe
2025-11-19,109.5,120,0,0,24.65787,46.727904,طريق خريص,لا يوجد,safe
2025-11-19,118.6,120,0,0,24.845954,46.672817,حي الياسمين,قطع الإشارة الحمراء,risky
2025-11-19,103.1,120,0,0,24.696781,46.658592,حي الربوة,لا يوجد,safe
2025-11-19,102.7,120,0,0,24.726256,46.720714,طريق الملك فهد,لا يوجد,safe
2025-11-19,166.9,120,0,0,24.703004,46.688016,طريق الملك خالد,استخدام الجوال أثناء القيادة,risky
2025-11-20,75.9,120,0,0,24.647442,46.690889,طريق خريص,لا يوجد,safe
2025-11-20,89.5,120,0,0,24.71947,46.752659,طريق الدائري الشرقي,لا يوجد,safe
2025-11-20,79.8,120,0,0,24.741596,46.714364,طريق الملك عبدالله,لا يوجد,safe
2025-11-20,82.2,120,0,0,24.693293,46.722903,شارع العليا,لا يوجد,safe
2025-11-20,102.8,120,0,0,24.74558,46.762158,طريق الدائري الشرقي,لا يوجد,safe
2025-11-21,139.1,120,0,0,24.836564,46.671125,حي الياسمين,تجاوز السرعة,risky
2025-11-21,124.4,120,1,0,24.712348,46.660221,طريق الملك فهد,لا يوجد,risky
2025-11-21,175.0,120,0,0,24.730196,46.666237,شارع العليا,تجاوز السرعة,risky
2025-11-21,78.9,120,0,0,24.698492,46.66307,طريق الملك فهد,عدم ربط حزام الأمان,safe
2025-11-21,115.9,120,0,0,24.690702,46.693721,شارع العليا,لا يوجد,safe
2025-11-21,86.6,120,0,1,24.704025,46.700415,طريق الملك فهد,لا يوجد,safe
2025-11-22,107.9,120,0,0,24.796714,46.617406,حي الملقا,لا يوجد,safe
2025-11-22,109.3,120,0,0,24.76505,46.728511,حي النخيل,لا يوجد,safe
2025-11-22,124.0,120,0,0,24.796438,46.641741,حي الملقا,لا يوجد,risky
2025-11-22,173.1,120,0,0,24.753559,46.740242,طريق الدائري الشرقي,تجاوز السرعة,risky
2025-11-23,106.2,120,0,0,24.67349,46.683572,طريق الملك خالد,لا يوجد,safe
2025-11-23,146.4,120,1,1,24.741813,46.672174,حي الربوة,لا يوجد,risky
2025-11-23,102.0,120,0,0,24.733841,46.643818,حي الربوة,لا يوجد,safe
2025-11-23,108.1,120,0,0,24.791167,46.64152,حي الملقا,لا يوجد,safe
2025-11-23,134.4,120,1,0,24.68131,46.683817,طريق الملك خالد,عدم ربط حزام الأمان,risky
2025-11-24,103.4,120,0,0,24.75627,46.725383,طريق الدائري الشرقي,عدم ربط حزام الأمان,safe
2025-11-24,132.3,120,0,0,24.782207,46.729582,حي النخيل,لا يوجد,risky
2025-11-24,115.8,120,0,0,24.791216,46.661661,حي الملقا,لا يوجد,safe
2025-11-24,126.9,120,0,0,24.76792,46.641732,حي الملقا,لا يوجد,risky
2025-11-24,137.7,120,1,0,24.735932,46.728889,حي النخيل,لا يوجد,risky
2025-11-25,104.8,120,0,0,24.753319,46.627973,حي الملقا,لا يوجد,safe
2025-11-25,109.9,120,0,0,24.642294,46.71227,طريق خريص,لا يوجد,safe
2025-11-25,89.9,120,0,0,24.718813,46.664294,طريق الملك فهد,لا يوجد,safe
2025-11-25,128.9,120,0,0,24.779921,46.733087,طريق الملك عبدالله,قطع الإشارة الحمراء,risky
2025-11-25,122.8,120,1,0,24.792975,46.695206,حي النخيل,تجاوز خاطئ,risky
2025-11-25,98.0,120,0,0,24.773933,46.707804,طريق الملك عبدالله,عدم ربط حزام الأمان,safe
2025-11-25,166.5,120,1,0,24.670798,46.697888,طريق خريص,لا يوجد,risky
2025-11-26,123.5,120,0,0,24.731508,46.707422,طريق الملك خالد,لا يوجد,risky
2025-11-27,100.4,120,0,0,24.817373,46.652133,حي الياسمين,لا يوجد,safe
2025-11-27,87.4,120,0,0,24.67062,46.728626,طريق خريص,لا يوجد,safe
2025-11-27,93.0,120,0,0,24.746629,46.703589,شارع العليا,لا يوجد,safe
2025-11-27,108.8,120,0,0,24.694802,46.665023,طريق الملك فهد,عدم ربط حزام الأمان,risky
2025-11-27,123.3,120,0,0,24.779306,46.644684,حي الملقا,لا يوجد,safe
2025-11-27,99.8,120,0,0,24.729648,46.754476,طريق الدائري الشرقي,لا يوجد,safe
2025-11-27,95.2,120,0,0,24.680999,46.694335,طريق خريص,لا يوجد,safe
2025-11-27,119.0,120,0,0,24.659487,46.715252,طريق الملك خالد,لا يوجد,risky
2025-11-27,96.0,120,0,0,24.710751,46.6798,طريق الملك خالد,لا يوجد,safe
2025-11-27,100.0,120,0,0,24.731462,46.729758,طريق الدائري الشرقي,لا يوجد,risky
2025-11-28,77.7,120,0,0,24.717531,46.695937,طريق الملك فهد,لا يوجد,safe
2025-11-28,105.4,120,0,0,24.711164,46.657141,شارع العليا,عدم ربط حزام الأمان,safe
2025-11-28,102.4,120,0,0,24.705836,46.678708,طريق الملك فهد,لا يوجد,safe
2025-11-28,126.9,120,0,0,24.699685,46.68095,حي الربوة,لا يوجد,safe
2025-11-28,124.6,120,0,0,24.831594,46.623927,حي الملقا,لا يوجد,safe
2025-11-28,97.1,120,0,0,24.740778,46.629255,حي الربوة,لا يوجد,safe
2025-11-29,102.6,120,0,0,24.717882,46.650385,طريق الملك فهد,تجاوز السرعة,safe
2025-11-29,69.4,120,0,0,24.834024,46.651838,حي الياسمين,لا يوجد,safe
2025-11-29,102.6,120,0,0,24.733937,46.664769,حي الربوة,لا يوجد,safe
2025-11-29,92.7,120,0,0,24.714543,46.645264,حي الربوة,لا يوجد,safe
2025-11-29,104.9,120,0,0,24.770368,46.763529,حي النخيل,لا يوجد,safe
2025-11-30,100.6,120,0,0,24.700866,46.690977,طريق الملك خالد,لا يوجد,safe
2025-11-30,121.1,120,0,0,24.796813,46.626948,حي الملقا,لا يوجد,risky
2025-11-30,101.9,120,0,0,24.784641,46.611038,حي الملقا,لا يوجد,risky
2025-11-30,117.4,120,0,0,24.72988,46.695716,طريق الملك عبدالله,تجاوز السرعة,safe
2025-11-30,95.0,120,0,0,24.827315,46.635994,حي الياسمين,لا يوجد,safe
2025-11-30,100.5,120,0,0,24.706042,46.689295,حي الربوة,تجاوز خاطئ,safe
2025-12-01,104.3,120,0,0,24.697889,46.68158,طريق الملك خالد,لا يوجد,safe
2025-12-01,121.7,120,0,0,24.726263,46.641205,حي الربوة,لا يوجد,safe
2025-12-01,121.7,120,0,0,24.772875,46.72677,طريق الملك عبدالله,لا يوجد,risky
2025-12-01,104.8,120,0,0,24.712317,46.681875,طريق الملك فهد,لا يوجد,safe
2025-12-01,157.7,120,0,0,24.790451,46.778795,حي النخيل,لا يوجد,risky
2025-12-01,154.3,120,0,0,24.758154,46.633672,حي الملقا,تجاوز السرعة,risky
2025-12-01,80.8,120,0,0,24.789541,46.641536,حي الملقا,لا يوجد,safe
2025-12-02,100.7,120,1,0,24.80148,46.705485,حي النخيل,لا يوجد,risky
2025-12-02,84.3,120,0,0,24.762701,46.713216,حي النخيل,قطع الإشارة الحمراء,safe
2025-12-02,116.1,120,0,0,24.750157,46.760766,طريق الدائري الشرقي,لا يوجد,safe
2025-12-02,130.9,120,0,0,24.780842,46.760122,طريق الملك عبدالله,قطع الإشارة الحمراء,safe
2025-12-02,100.0,120,1,0,24.733235,46.668803,طريق الملك فهد,لا يوجد,risky
2025-12-02,153.9,120,0,0,24.712392,46.660539,شارع العليا,لا يوجد,risky
2025-12-02,108.5,120,0,0,24.763554,46.638928,حي الربوة,قطع الإشارة الحمراء,safe
2025-12-02,116.2,120,0,0,24.688598,46.649489,شارع العليا,لا يوجد,risky
2025-12-02,180.0,120,1,1,24.761073,46.731012,طريق الدائري الشرقي,استخدام الجوال أثناء القيادة,risky
2025-12-02,107.6,120,0,0,24.79415,46.657705,حي الياسمين,لا يوجد,safe
2025-12-02,110.7,120,0,0,24.752406,46.730289,طريق الملك عبدالله,عدم ربط حزام الأمان,safe
2025-12-03,113.8,120,0,0,24.7881,46.614782,حي الملقا,لا يوجد,safe
2025-12-03,113.9,120,1,0,24.722488,46.722344,طريق الدائري الشرقي,لا يوجد,safe
2025-12-03,99.9,120,0,0,24.762031,46.640564,حي الملقا,لا يوجد,safe
2025-12-03,111.2,120,0,0,24.67342,46.678796,طريق الملك خالد,لا يوجد,safe
2025-12-03,128.2,120,0,0,24.757113,46.658269,حي الربوة,لا يوجد,safe
2025-12-03,109.1,120,0,0,24.794722,46.751826,حي النخيل,لا يوجد,safe
2025-12-03,94.0,120,0,0,24.698034,46.703803,طريق الملك خالد,لا يوجد,safe
2025-12-04,112.8,120,1,0,24.756963,46.730948,حي النخيل,لا يوجد,risky
2025-12-04,63.6,120,0,0,24.712209,46.710954,طريق الملك عبدالله,لا يوجد,safe
2025-12-04,106.8,120,0,0,24.722038,46.707574,طريق الملك فهد,لا يوجد,safe
2025-12-04,78.7,120,0,0,24.784069,46.624873,حي الملقا,تجاوز خاطئ,safe
2025-12-04,103.7,120,0,0,24.702326,46.658856,طريق الملك فهد,لا يوجد,safe
2025-12-04,136.7,120,0,0,24.655599,46.68749,طريق خريص,لا يوجد,safe
2025-12-04,72.4,120,0,0,24.813309,46.660287,حي الملقا,لا يوجد,safe
2025-12-05,118.9,120,0,1,24.79938,46.647537,حي الياسمين,لا يوجد,risky
2025-12-05,92.1,120,0,0,24.768012,46.597522,حي الملقا,لا يوجد,safe
2025-12-05,110.2,120,0,0,24.740211,46.740883,طريق الملك عبدالله,لا يوجد,safe
2025-12-05,99.4,120,0,0,24.640822,46.731574,طريق خريص,لا يوجد,safe
2025-12-05,125.1,120,0,0,24.834553,46.635807,حي الياسمين,لا يوجد,safe
2025-12-05,114.4,120,0,0,24.726951,46.664162,حي الربوة,استخدام الجوال أثناء القيادة,safe
2025-12-05,91.3,120,0,0,24.777523,46.769008,طريق الدائري الشرقي,تجاوز السرعة,safe
2025-12-05,80.2,120,0,0,24.692032,46.689838,شارع العليا,عدم ربط حزام الأمان,safe
2025-12-05,111.3,120,0,0,24.756626,46.662856,حي الملقا,لا يوجد,safe
2025-12-05,69.6,120,0,1,24.772879,46.662678,حي الربوة,لا يوجد,safe
2025-12-05,110.2,120,0,0,24.668366,46.67859,طريق خريص,لا يوجد,risky
2025-12-06,93.0,120,0,0,24.720851,46.670732,شارع العليا,لا يوجد,safe
2025-12-06,88.1,120,0,0,24.760081,46.709395,طريق الملك عبدالله,لا يوجد,safe
2025-12-06,94.7,120,0,0,24.709838,46.612584,حي الربوة,لا يوجد,safe
2025-12-06,86.7,120,0,0,24.687581,46.698391,طريق الملك خالد,لا يوجد,safe
2025-12-06,100.0,120,0,0,24.828991,46.630302,حي الياسمين,لا يوجد,risky
2025-12-06,113.9,120,0,0,24.741452,46.677987,حي الربوة,لا يوجد,safe
2025-12-07,113.0,120,0,0,24.689114,46.67112,طريق الملك فهد,لا يوجد,risky
2025-12-07,158.1,120,1,0,24.725821,46.661812,شارع العليا,تجاوز خاطئ,risky
2025-12-07,119.6,120,0,0,24.796508,46.65627,حي الملقا,لا يوجد,safe
2025-12-07,94.6,120,0,0,24.750534,46.686979,طريق الملك فهد,لا يوجد,safe
2025-12-07,103.0,120,0,0,24.816156,46.625797,حي الياسمين,لا يوجد,risky
2025-12-07,114.3,120,0,0,24.741418,46.672711,حي الربوة,لا يوجد,safe
2025-12-07,105.6,120,0,0,24.781541,46.725939,حي النخيل,لا يوجد,safe
2025-12-07,98.6,120,0,0,24.744988,46.781549,طريق الدائري الشرقي,لا يوجد,safe
2025-12-07,111.8,120,0,0,24.723131,46.660506,شارع العليا,لا يوجد,safe
2025-12-07,117.0,120,0,0,24.798366,46.639705,حي الياسمين,لا يوجد,risky
2025-12-07,125.5,120,0,0,24.768815,46.70035,طريق الملك عبدالله,لا يوجد,risky
2025-12-08,148.0,120,0,0,24.71714,46.666142,شارع العليا,تجاوز السرعة,risky
2025-12-08,98.3,120,0,0,24.705737,46.777077,طريق الدائري الشرقي,لا يوجد,safe
2025-12-08,96.3,120,0,0,24.766658,46.735652,حي النخيل,لا يوجد,safe
2025-12-08,128.5,120,0,0,24.818256,46.676441,حي الياسمين,لا يوجد,safe
2025-12-08,76.7,120,0,0,24.795913,46.631831,حي الياسمين,لا يوجد,safe
2025-12-08,162.6,120,1,0,24.804949,46.635044,حي الياسمين,قطع الإشارة الحمراء,risky
2025-12-09,137.5,120,0,0,24.726671,46.640125,شارع العليا,استخدام الجوال أثناء القيادة,risky
2025-12-09,102.0,120,0,1,24.661397,46.681199,طريق الملك خالد,لا يوجد,safe
2025-12-09,110.5,120,0,0,24.771193,46.717061,حي النخيل,لا يوجد,safe
2025-12-09,143.6,120,0,0,24.731063,46.679209,شارع العليا,تجاوز السرعة,risky
2025-12-09,100.0,120,0,1,24.764234,46.622562,حي الربوة,لا يوجد,risky
